[
    
    {
    "bookId":1,
    "bookTitle":"Android for Expert",
    "bookAuthor":"Geotge R.R",
    "bookYearOfPublish":1996
},
{
    "bookId":2,
    "bookTitle":"Complete Reference",
    "bookAuthor":"George P.R Martin",
    "bookYearOfPublish":1998
},
{
    "bookId":3,
    "bookTitle":"BackBone Js",
    "bookAuthor":"Kalvin R.V",
    "bookYearOfPublish":2000
},
{
    "bookId":4,
    "bookTitle":"Knock Out Js",
    "bookAuthor":"J.J Markin",
    "bookYearOfPublish":2005
},
{
    "bookId":5,
    "bookTitle":"Pointer in C",
    "bookAuthor":"Y.P. KAnitkar",
    "bookYearOfPublish":2011
},
{
    "bookId":6,
    "bookTitle":"Big Data",
    "bookAuthor":"Pearson D A",
    "bookYearOfPublish":2011
},
{
    "bookId":7,
    "bookTitle":"A Dream of Spring",
    "bookAuthor":"George R.R. Martin",
    "bookYearOfPublish":2012
},
{
    "bookId":8,
    "bookTitle":"The Philospher's Stone",
    "bookAuthor":"J.K.Rowling",
    "bookYearOfPublish":1997
},
{
    "bookId":9,
    "bookTitle":"The Chamber od Secrets",
    "bookAuthor":"J.K.Rowling",
    "bookYearOfPublish":1998
},
{
    "bookId":10,
    "bookTitle":"The Prisoner of Azkaban",
    "bookAuthor":"J.K.Rowling",
    "bookYearOfPublish":1999
}

]